INSERT INTO Risk VALUES
	('1', 'Low'),
	('2', 'Medium'),
	('3', 'High');

INSERT INTO `Contact` (`contactID`,`CTid`,`notificationTime`,`contactTimeWithPatient`,`name`,`gender`,`age`,`phone`,`testResults`,`riskID`) VALUES ("vl_44","50D52216-FDDA-94DB-3962-AD4BF4BEABD9","09/11/2020","08/31/2020","Raymond","Other",79,"004-505-7889","False",3),("yz_29","204B1D31-796A-81B5-4700-9C02F03ADD0C","08/14/2020","08/20/2020","Robin","Other",42,"528-313-6169","True",3),("qs_33","9E11975B-CB49-7051-F715-2C6F396B1C4C","09/15/2020","08/26/2020","Sasha","Male",64,"636-145-8152","True",2),("nl_78","7C68165D-2637-FADD-3A89-FEE7EF54CF9A","09/24/2020","08/30/2020","Patricia","Other",52,"786-586-7290","True",3),("ld_12","2B967CFF-F319-EA6B-5085-9B350622E9A8","08/24/2020","09/01/2020","Jacob","Female",39,"263-696-7465","False",1),("hk_69","010BD314-AB6C-9D5C-0127-1B4C99A54B0D","09/02/2020","08/31/2020","Emerald","Other",79,"468-969-5731","True",2),("ns_34","72AD1D5F-4D3B-206E-326A-5977F769C3A4","09/16/2020","09/08/2020","Sage","Other",82,"255-796-2603","False",1),("nq_98","83DF3957-AB23-5370-1A4D-50E503CB23D5","09/11/2020","09/18/2020","Mason","Female",55,"751-719-1986","False",1),("rt_16","F4301B37-9527-C04D-D5DA-7C0DD5B4CF79","09/17/2020","08/02/2020","Cheyenne","Female",35,"668-850-1747","True",2),("mw_27","75566A7C-4B6B-D4F6-7B70-B83C36824B69","09/22/2020","08/18/2020","Dolan","Female",22,"808-392-6328","True",2);

INSERT INTO `Patient` (`patientID`,`identificationTime`,`symptomOnsetTime`,`name`,`gender`,`age`,`phone`,`interviewTime`, /*'PIid'*/) VALUES ("1671013093599","08/28/2020","08/05/2020","Marah","Other",61,"168-334-3015","08/30/2020"),("1690060623099","09/27/2020","08/22/2020","Randall","Female",79,"253-436-3243","09/01/2020"),("1696110349499","09/21/2020","08/03/2020","Gabriel","Male",72,"412-833-5191","09/05/2020"),("1603111719899","09/19/2020","08/12/2020","Bruce","Male",28,"985-870-7872","09/30/2020"),("1687032071899","09/10/2020","08/24/2020","Darrel","Female",21,"847-740-2318","08/26/2020"),("1609013017999","08/27/2020","08/26/2020","Chandler","Male",43,"839-663-6234","08/07/2020"),("1634010339999","08/03/2020","08/13/2020","Camilla","Other",63,"658-508-6818","08/04/2020"),("1621062182699","08/24/2020","08/31/2020","Yoko","Male",43,"786-573-1172","08/28/2020"),("1634092934799","08/06/2020","08/26/2020","Stella","Female",52,"326-285-0996","08/04/2020"),("1679042572199","09/28/2020","09/01/2020","Harper","Other",53,"352-818-0468","09/19/2020");